DROP TABLE IF EXISTS user;
DROP TABLE IF EXISTS cars;
DROP TABLE IF EXISTS user_role;
DROP TABLE IF EXISTS drive;
DROP TABLE IF EXISTS passenger_drive;
DROP TABLE IF EXISTS messages;


CREATE TABLE user
(
  id                 INT AUTO_INCREMENT PRIMARY KEY,
  name               VARCHAR(250) NOT NULL,
  phone_number       VARCHAR(250) NOT NULL,
  photo_url          VARCHAR(250),
  email              VARCHAR(250) NOT NULL,
  login              VARCHAR(250) NOT NULL,
  password           VARCHAR(250) NOT NULL,
  pref_communication VARCHAR(250) DEFAULT NULL,
  passenger_rating   DOUBLE,
  driver_rating      DOUBLE,
  points             INT,
  active             BOOLEAN
);

ALTER TABLE user
  ADD CONSTRAINT uniqueFirstName UNIQUE (login);

CREATE TABLE user_role
(
  user_id INT NOT NULL,
  roles   VARCHAR(10) check (roles in ('PASSENGER', 'DRIVER', 'ADMIN'))
);

CREATE TABLE drive
(
  id               INT AUTO_INCREMENT PRIMARY KEY,
  start_time       TIMESTAMP,
  end_time         TIMESTAMP,
  name             VARCHAR(250),
  free_place_count INT          NOT NULL,
  driver_id        VARCHAR(250) NOT NULL,
  start_point      VARCHAR(250),
  fin_point        VARCHAR(250),
  pathVO           CLOB,
  sum_of_km        DOUBLE,
  archive          BOOLEAN,
  route_url        VARCHAR(250),
  segments_coords  CLOB
);

CREATE TABLE cars
(
  id      INT AUTO_INCREMENT PRIMARY KEY,
  model   VARCHAR(100),
  color   VARCHAR(50),
  number  VARCHAR(50),
  user_id INT
);

CREATE TABLE passenger_drive
(
  passenger_id             INT          NOT NULL,
  drive_id                 INT          NOT NULL,
  start_point              VARCHAR(250) NOT NULL,
  number_of_km             DOUBLE,
  passenger_to_driver_mark INT DEFAULT NULL,
  driver_to_passenger_mark INT DEFAULT NULL
);

CREATE TABLE messages
(
  id        INT AUTO_INCREMENT PRIMARY KEY,
  drive_id  INT          NOT NULL,
  message   VARCHAR(250) NOT NULL,
  time      TIMESTAMP,
  user_id   INT,
  is_notify BOOLEAN
);

INSERT INTO user_role (user_id, roles)
VALUES ('1', 'DRIVER'),
       ('1', 'PASSENGER'),
       ('2', 'PASSENGER'),
       ('2', 'DRIVER'),
       ('3', 'PASSENGER'),
       ('4', 'PASSENGER'),
       ('5', 'PASSENGER'),
       ('6', 'PASSENGER'),
       ('6', 'ADMIN'),
       ('6', 'DRIVER'),
       ('7', 'PASSENGER'),
       ('8', 'PASSENGER'),
       ('9', 'PASSENGER');

INSERT INTO cars (user_id, model, color, number)
VALUES ('1', 'Mercedes', 'White', '1111-DV-7'),
       ('2', 'Maserati', 'Blue', '6960-CI-7'),
       ('5', 'Audi', 'Red', '1260-BT-7'),
       ('6', 'Porsche', 'Red', '3522-CT-7'),
       ('7', 'Ferrari', 'Red', '2476-FR-7'),
       ('8', 'Bugatti', 'Grey', '2579-GE-7');

INSERT INTO user (name, phone_number, email, login,
                  password, passenger_rating, driver_rating, active)
VALUES ('Aliko Dangote', '+375293456789', 'shimanovav7@gmail.com', 'aliko',
        '$2a$10$Jij7xU.xa0ZeMrJxTprzjejVD5yTVahMwaZ8mdjtJ6K2cBRVlhS.y', '5', '5', 'TRUE'),
       ('Bill Gates', '+375298260934', 'billGates1999@mail.ru', 'bill',
        '$2a$10$4BEiFy3gkPmSrbdfPB6eTOtuxMUYLPMbtFPtBWIXej64wjdOMDSkC', '5', '5', 'TRUE'),
       ('Alex Forman', '+375295627624', 'alex@gmail.com', 'alexForman',
        '$2a$10$WyIDLksLKNDobiMStA/egOiPVaItQWOcpyMHsQQtZ15MFTLdhpSRi', '5', '5', 'TRUE'),
       ('Natalia Ivanova', '+375445647221', 'nat92@mail.com', 'nattIva',
        '$2a$10$4fqzUIU1Se0cfXu7JFb5reUPvEJnmdWZnNuBVnfy46uX1UnKW.SVC', '5', '5', 'TRUE'),
       ('Tatiana Sosnovskaya', '+375298784455', 'tatia@mail.com', 'tatiaSosn',
        '$2a$10$WcT5gUO6rI3DQqD5gqcB9Oa6uB6UBDrNZoe/DwJUXdsZOXOKVIcTi', '5', '5', 'TRUE'),
       ('Gregory House', '+375296543222', 'house@gmail.com', 'greghouse',
        '$2a$10$CuNUOXvdi.q3AelSRnH9gO.C3foJDqc0s0XeSEOLvcvmTVvP57Ica', '5', '5', 'TRUE'),
       ('DJ Gates', '+375298267634', 'dj@mail.com', 'dj',
        '$2a$10$qIS4HbTbQoGMVAGKeNjKnOdm67pK2UGavdxc7PZyzzntRB06GRHcC', '5', '5', 'TRUE'),
       ('Folrunsho Alakija', '+375447261378', 'kadiuskw@mail.ru', 'alak',
        '$2a$10$ozMEroUIr5MKL8LU1iJ7QeJE/ueCijGtNM/CMpl51gwKcwBB.JC.K', '5', '5', 'TRUE');


INSERT INTO drive (start_time, end_time, free_place_count, driver_id,
                   start_point, fin_point, pathVO, name, segments_coords, archive)
VALUES ('	2019-08-08 10:00:00', '2019-08-08 10:22:24', '3', '1', '[53.928169,27.690847]',
        '[53.873654,27.614463]',
        '[[53.928302,27.691309],[53.928288,27.691321000000002],[53.928228000000004,27.691375],[53.928161,27.691407],[53.928140000000006,27.691411000000002],[53.927997000000005,27.691434],[53.927849,27.691458],[53.927698,27.691483],[53.927576,27.691503],[53.927576,27.691503],[53.927561000000004,27.691325000000003],[53.927483,27.689871000000004],[53.927469,27.689643000000004],[53.927455,27.689404000000003],[53.927362,27.687916000000005],[53.927352,27.687760000000004],[53.927261,27.686695000000004],[53.927214,27.685893000000004],[53.927172999999996,27.685442000000002],[53.92714899999999,27.685196],[53.92712499999999,27.684994],[53.92711099999999,27.684879],[53.92704399999999,27.684469],[53.927010999999986,27.684301],[53.92697399999999,27.684160000000002],[53.92688599999999,27.683859],[53.92667999999999,27.68327],[53.92664099999999,27.68317],[53.92659399999999,27.683056],[53.92658299999999,27.683029],[53.926555999999984,27.682961000000002],[53.92594299999998,27.681633],[53.925854999999984,27.681325],[53.92575199999998,27.681089],[53.92572899999998,27.681034],[53.92567399999998,27.680905],[53.92567399999998,27.680905],[53.92559799999998,27.680978],[53.92554199999998,27.681038],[53.92551599999998,27.681065],[53.92533699999998,27.681258],[53.92496999999998,27.681651],[53.92480999999998,27.681834],[53.92480999999998,27.681834],[53.92454699999998,27.681534],[53.92429899999998,27.681248999999998],[53.92424999999999,27.681192999999997],[53.92405499999999,27.681032],[53.92394599999999,27.680971],[53.92383499999999,27.680941],[53.92370699999999,27.680938],[53.92358099999999,27.680954],[53.92347999999999,27.680982],[53.92335699999999,27.681054],[53.92311499999999,27.681224],[53.92264299999999,27.681554000000002],[53.92248399999999,27.681635000000004],[53.92241399999999,27.681658000000002],[53.922341999999986,27.681663000000004],[53.922280999999984,27.681654000000005],[53.92223199999999,27.681634000000006],[53.922176999999984,27.681590000000007],[53.92213199999998,27.681532000000008],[53.92209399999998,27.681470000000008],[53.92206199999998,27.681403000000007],[53.92203699999998,27.681325000000008],[53.92202099999998,27.681238000000008],[53.922010999999976,27.681151000000007],[53.92200399999998,27.681060000000006],[53.92198299999998,27.680761000000007],[53.921978999999986,27.680660000000007],[53.92197499999999,27.680540000000008],[53.921978999999986,27.680418000000007],[53.921990999999984,27.680279000000006],[53.92201999999998,27.680126000000005],[53.92205699999998,27.679987000000004],[53.92210799999998,27.679865000000003],[53.92216899999998,27.679765000000003],[53.92223199999998,27.679679000000004],[53.92229899999998,27.679614000000004],[53.92236899999998,27.679563000000005],[53.922457999999985,27.679515000000006],[53.922457999999985,27.679515000000006],[53.92238399999999,27.679310000000005],[53.92235199999999,27.679232000000006],[53.92231299999999,27.679138000000005],[53.92226699999999,27.679038000000006],[53.92219499999999,27.678891000000007],[53.92217799999999,27.678842000000007],[53.92216699999999,27.678794000000007],[53.92215799999999,27.678744000000005],[53.92215199999999,27.678690000000007],[53.92210799999999,27.678094000000005],[53.922088999999986,27.677995000000006],[53.92201099999998,27.677668000000008],[53.921984999999985,27.677546000000007],[53.921973999999985,27.677456000000006],[53.921916999999986,27.676564000000006],[53.92183999999999,27.675766000000007],[53.921812999999986,27.675530000000006],[53.92179499999999,27.675450000000005],[53.92176399999999,27.675397000000004],[53.92172899999999,27.675366000000004],[53.92168799999999,27.675348000000003],[53.921632999999986,27.675330000000002],[53.921579999999985,27.675332],[53.92152199999998,27.675340000000002],[53.92143599999998,27.675366],[53.921394999999976,27.675364000000002],[53.92135799999998,27.675334000000003],[53.92132299999998,27.675273000000004],[53.92129299999998,27.675183000000004],[53.920969999999976,27.673926000000005],[53.92083399999998,27.673409000000007],[53.92080599999998,27.673311000000005],[53.920786999999976,27.673226000000007],[53.920758999999975,27.673033000000007],[53.920738999999976,27.672933000000008],[53.920716999999975,27.672853000000007],[53.92064199999997,27.672669000000006],[53.92055999999997,27.672503000000006],[53.92049599999997,27.672390000000007],[53.92047999999997,27.672361000000006],[53.92042699999997,27.672283000000007],[53.920382999999966,27.672233000000006],[53.92033099999997,27.672177000000005],[53.92033099999997,27.672177000000005],[53.92017999999997,27.672547000000005],[53.92011699999997,27.672684000000004],[53.92004399999997,27.672796000000005],[53.91998099999997,27.672861000000005],[53.919917999999974,27.672921000000006],[53.919739999999976,27.673056000000006],[53.919573999999976,27.673181000000007],[53.919402999999974,27.673304000000005],[53.91904399999997,27.673539000000005],[53.91897699999997,27.673583000000004],[53.91897699999997,27.673583000000004],[53.91888399999997,27.673308000000006],[53.91882399999997,27.673122000000006],[53.91868999999997,27.672675000000005],[53.91857299999997,27.672227000000007],[53.91848199999997,27.671884000000006],[53.91843399999997,27.671707000000005],[53.91831899999997,27.671329000000004],[53.91814399999997,27.670865000000003],[53.91786399999997,27.670254000000003],[53.917648999999976,27.669845000000002],[53.917609999999975,27.669781000000004],[53.917536999999975,27.669662000000002],[53.91751499999997,27.669626],[53.917443999999975,27.669527000000002],[53.91735299999998,27.669439],[53.917251999999976,27.669363],[53.91718099999998,27.669322],[53.91708499999998,27.669267],[53.91670599999998,27.669052],[53.91657599999998,27.66897],[53.916230999999975,27.668751],[53.916024999999976,27.66862],[53.91585499999998,27.66852],[53.91538299999998,27.66823],[53.91483099999998,27.667895],[53.914693999999976,27.667802000000002],[53.914665999999976,27.667782000000003],[53.914637999999975,27.667758000000003],[53.91457199999998,27.667650000000002],[53.91455099999998,27.667562],[53.91453099999998,27.667504],[53.914369999999984,27.667152],[53.91433699999998,27.667094000000002],[53.91430999999998,27.667056000000002],[53.91421299999998,27.666943000000003],[53.913806999999984,27.666086000000004],[53.91351899999999,27.665455000000005],[53.913474999999984,27.665364000000004],[53.91293299999998,27.664227000000004],[53.91284899999998,27.664051000000004],[53.91223499999998,27.662740000000003],[53.91162199999998,27.661430000000003],[53.91123199999998,27.660586000000002],[53.911114999999974,27.660333],[53.91107399999997,27.660265000000003],[53.911021999999974,27.660214000000003],[53.91094399999997,27.660169000000003],[53.91074799999997,27.660099000000002],[53.91036799999997,27.659962000000004],[53.91003599999997,27.659826000000002],[53.90990299999997,27.659772000000004],[53.90974799999997,27.659721000000005],[53.909676999999974,27.659706000000003],[53.909619999999975,27.659694000000002],[53.90958299999998,27.65969],[53.909456999999975,27.659675],[53.909245999999975,27.659656],[53.909107999999975,27.659636999999996],[53.909051999999974,27.659621999999995],[53.90901999999998,27.659612999999997],[53.908944999999974,27.659567999999997],[53.90890999999998,27.659540999999997],[53.90885899999998,27.659502999999997],[53.90872999999998,27.659394],[53.90852999999998,27.659229999999997],[53.90845599999998,27.659169],[53.90830499999998,27.659027],[53.90753399999998,27.658302],[53.90709399999998,27.657849],[53.90698799999998,27.657740999999998],[53.906870999999974,27.657649999999997],[53.90673399999997,27.657554999999995],[53.906220999999974,27.657248999999997],[53.90560199999997,27.656926999999996],[53.90525699999997,27.656755999999994],[53.90503999999997,27.656648999999994],[53.90419299999997,27.656233999999994],[53.90410499999997,27.656169999999996],[53.904024999999976,27.656071999999995],[53.90394499999998,27.655955999999996],[53.903281999999976,27.654834999999995],[53.902809999999974,27.654083999999994],[53.90276299999997,27.653957999999992],[53.902727999999975,27.65382599999999],[53.902704999999976,27.65365999999999],[53.902685999999974,27.65347699999999],[53.90266699999997,27.653329999999993],[53.90264999999997,27.653238999999992],[53.902631999999976,27.65314499999999],[53.902586999999976,27.65295399999999],[53.90244999999997,27.652443999999992],[53.902406999999975,27.652284999999992],[53.90237699999997,27.65217299999999],[53.902184999999974,27.65145799999999],[53.901886999999974,27.65040299999999],[53.90166499999997,27.64961899999999],[53.90138699999997,27.64864999999999],[53.90129699999997,27.64833799999999],[53.90097999999997,27.647234999999988],[53.90093099999997,27.647063999999986],[53.90093099999997,27.647063999999986],[53.90079999999997,27.647168999999987],[53.90046099999997,27.64743999999999],[53.900428999999974,27.64746899999999],[53.90030399999998,27.64756899999999],[53.900126999999976,27.64771299999999],[53.89974699999998,27.64803099999999],[53.89937799999998,27.64833899999999],[53.89927699999998,27.648423999999988],[53.899094999999974,27.648575999999988],[53.89874999999997,27.648864999999986],[53.89824199999997,27.649289999999986],[53.898146999999966,27.649369999999987],[53.897721999999966,27.649675999999985],[53.89745399999997,27.649856999999987],[53.89707899999997,27.650101999999986],[53.89694199999997,27.650134999999985],[53.89694199999997,27.650134999999985],[53.89685499999997,27.649917999999985],[53.896587999999966,27.649263999999985],[53.89606299999996,27.648016999999985],[53.895538999999964,27.646767999999984],[53.89526399999996,27.646123999999983],[53.89469299999996,27.644785999999982],[53.89466299999996,27.644713999999983],[53.89453399999996,27.644402999999983],[53.894134999999956,27.643430999999982],[53.893985999999956,27.64306799999998],[53.89397299999995,27.643037999999983],[53.893957999999955,27.643000999999984],[53.89334299999995,27.641469999999984],[53.89268499999995,27.639813999999983],[53.89259699999995,27.639584999999983],[53.89246499999995,27.639267999999984],[53.89190499999995,27.637918999999982],[53.89134499999995,27.636570999999982],[53.89107699999995,27.63593399999998],[53.890268999999954,27.634023999999982],[53.89018199999995,27.633826999999982],[53.889752999999956,27.632893999999983],[53.888759999999955,27.63045599999998],[53.88861999999995,27.63011699999998],[53.888539999999956,27.62992699999998],[53.887661999999956,27.627843999999982],[53.887299999999954,27.626980999999983],[53.887161999999954,27.626666999999983],[53.886893999999955,27.625992999999983],[53.886358999999956,27.624533999999983],[53.88614999999996,27.623976999999982],[53.88594999999996,27.62343299999998],[53.88577799999996,27.62295999999998],[53.88570399999996,27.62275999999998],[53.885685999999964,27.622705999999983],[53.885423999999965,27.62198899999998],[53.884869999999964,27.620478999999982],[53.884835999999964,27.620386999999983],[53.884764999999966,27.620194999999985],[53.88472799999997,27.620092999999986],[53.88388099999997,27.617784999999987],[53.883563999999964,27.61691899999999],[53.88347999999996,27.616689999999988],[53.88346599999996,27.616651999999988],[53.88312099999996,27.61570999999999],[53.88296099999996,27.615265999999988],[53.88289499999996,27.61508399999999],[53.88288099999996,27.61504299999999],[53.88277399999996,27.61474499999999],[53.88261599999996,27.61432399999999],[53.882474999999964,27.61395699999999],[53.88235199999996,27.61366399999999],[53.88221099999996,27.61333699999999],[53.88204499999996,27.612992999999992],[53.88198999999996,27.612890999999994],[53.88197199999996,27.612857999999996],[53.88192499999996,27.612770999999995],[53.88189299999996,27.612711999999995],[53.88173799999996,27.612443999999996],[53.88158899999996,27.612215999999997],[53.88129899999996,27.611820999999996],[53.88109699999996,27.611563999999994],[53.880929999999964,27.611359999999994],[53.880788999999965,27.611203999999994],[53.88058999999996,27.611009999999993],[53.88047499999996,27.610900999999995],[53.88006699999996,27.610558999999995],[53.87981099999996,27.610344999999995],[53.87955199999996,27.610094999999994],[53.87926599999996,27.609857999999996],[53.87922899999996,27.609822999999995],[53.87919899999996,27.609784999999995],[53.879171999999954,27.609728999999994],[53.87905999999995,27.609459999999995],[53.87904899999995,27.609360999999996],[53.87904299999995,27.609327999999998],[53.87902999999995,27.609265999999998],[53.87901299999995,27.609212],[53.87898999999995,27.609165],[53.87896199999995,27.609129],[53.87893399999995,27.609097],[53.87889999999995,27.609063],[53.87887699999995,27.609043],[53.87883199999995,27.609013],[53.878771999999955,27.608982],[53.878771999999955,27.608982],[53.878721999999954,27.609213],[53.87859599999995,27.609757000000002],[53.87854499999995,27.60998],[53.878467999999955,27.610322],[53.878155999999954,27.611914],[53.877809999999954,27.613643],[53.877271999999955,27.616387],[53.87680699999996,27.618705],[53.87673799999995,27.619048],[53.87668199999995,27.619302],[53.87668199999995,27.619302],[53.876539999999956,27.619218],[53.876432999999956,27.619153],[53.876373999999956,27.619118],[53.87612299999996,27.618967],[53.875605999999955,27.618656],[53.87453299999996,27.618039000000003],[53.874460999999954,27.617998000000004],[53.874409999999955,27.617970000000003],[53.87365699999995,27.617549000000004],[53.87291399999995,27.617133000000003],[53.872833999999955,27.617088000000003],[53.872833999999955,27.617088000000003],[53.872861999999955,27.616945],[53.872957999999954,27.616457],[53.87298799999996,27.616304],[53.873100999999956,27.615725],[53.87313599999995,27.615548],[53.87323499999995,27.615046],[53.87323499999995,27.615046],[53.87329399999995,27.615078],[53.873399999999954,27.615129],[53.87362399999996,27.61524],[53.87362399999996,27.61524],[53.873764999999956,27.614526]]',
        'улица Академика Купревича, 5к2 - улица Яна Райниса, 17',
        '[[53.928302,27.691309],[53.927576,27.691503],[53.92567399999998,27.680905],[53.92480999999998,27.681834],[53.922457999999985,27.679515000000006],[53.92033099999997,27.672177000000005],[53.91897699999997,27.673583000000004],[53.90093099999997,27.647063999999986],[53.89694199999997,27.650134999999985],[53.878771999999955,27.608982],[53.87668199999995,27.619302],[53.872833999999955,27.617088000000003],[53.87323499999995,27.615046],[53.87362399999996,27.61524]]',
        false),
       ('2019-08-08 12:00:00', '2019-08-08 12:27:42', '1', '1', '[53.939534,27.601339]',
        '	[53.934891,27.460824]',
        '[[53.9397,27.601466],[53.939777,27.601176],[53.939836,27.600951],[53.940075,27.600078999999997],[53.940192,27.599652999999996],[53.940253000000006,27.599528999999997],[53.94030000000001,27.599425999999998],[53.94030000000001,27.599425999999998],[53.940436000000005,27.599538],[53.940436000000005,27.599538],[53.940464000000006,27.599432999999998],[53.940566000000004,27.599055999999997],[53.940688,27.598601],[53.940747,27.598384],[53.941013000000005,27.597396],[53.94108500000001,27.597127],[53.94110700000001,27.597043],[53.94116700000001,27.596814],[53.94116700000001,27.596814],[53.94100000000001,27.596688999999998],[53.93938400000001,27.595401],[53.93859000000001,27.594783],[53.93850900000001,27.594716],[53.93838800000001,27.594610999999997],[53.93762900000001,27.594033999999997],[53.936777000000006,27.593358],[53.93607800000001,27.592789],[53.93599900000001,27.592724],[53.93590400000001,27.592649],[53.93491100000001,27.591876000000003],[53.934808000000004,27.591794000000004],[53.93474500000001,27.591746000000004],[53.933955000000005,27.591069000000005],[53.933032000000004,27.590181000000005],[53.932947000000006,27.590096000000006],[53.932854000000006,27.590002000000005],[53.93272,27.589868000000006],[53.931527,27.588701000000007],[53.931430000000006,27.588604000000007],[53.93136200000001,27.588535000000007],[53.93024400000001,27.587412000000008],[53.93003600000001,27.58720200000001],[53.92979000000001,27.58695400000001],[53.92958500000001,27.58675000000001],[53.92955400000001,27.58667700000001],[53.92952900000001,27.586627000000007],[53.92950200000001,27.586577000000005],[53.92947100000001,27.586535000000005],[53.928965000000005,27.586009000000004],[53.92872800000001,27.585774000000004],[53.928596000000006,27.585635000000003],[53.92843200000001,27.585459000000004],[53.92793000000001,27.584892000000004],[53.92782200000001,27.584771000000003],[53.92732200000001,27.584212000000004],[53.92656500000001,27.583362000000005],[53.92610100000001,27.582841000000005],[53.92572100000001,27.582407000000007],[53.92570700000001,27.58239100000001],[53.92537600000001,27.582013000000007],[53.92524600000001,27.581865000000008],[53.925109000000006,27.58168300000001],[53.925050000000006,27.58161200000001],[53.925033000000006,27.58159100000001],[53.92495100000001,27.58149300000001],[53.92476400000001,27.581267000000008],[53.92421600000001,27.580669000000007],[53.92415000000001,27.580596000000007],[53.92413600000001,27.580578000000006],[53.92320700000001,27.579545000000007],[53.92272400000001,27.578935000000005],[53.922199000000006,27.578352000000006],[53.922188000000006,27.578339000000007],[53.922116,27.578256000000007],[53.922013,27.578135000000007],[53.921994,27.578113000000005],[53.921510999999995,27.577545000000004],[53.920075999999995,27.575888000000003],[53.91987999999999,27.575661000000004],[53.91961899999999,27.575349000000003],[53.91956999999999,27.575291000000004],[53.91953099999999,27.575244000000005],[53.91947499999999,27.575185000000005],[53.91944099999999,27.575148000000006],[53.919318999999994,27.575023000000005],[53.91870099999999,27.574386000000004],[53.91826499999999,27.573935000000002],[53.91819999999999,27.573868],[53.91814099999999,27.573805],[53.917413999999994,27.573062],[53.91709099999999,27.572722],[53.91661899999999,27.572166],[53.91642699999999,27.571944],[53.91622099999999,27.571716],[53.91609799999999,27.571595],[53.91609799999999,27.571595],[53.91611799999999,27.571483999999998],[53.916141999999994,27.571316],[53.91624099999999,27.570522],[53.91627799999999,27.570162],[53.916366999999994,27.569062],[53.916439,27.568134999999998],[53.916453999999995,27.567943999999997],[53.91647699999999,27.567650999999998],[53.91653899999999,27.566882],[53.91659799999999,27.566223],[53.91675399999999,27.564819],[53.91676799999999,27.564676],[53.91680999999999,27.564231],[53.91682899999999,27.564057],[53.916847999999995,27.563882],[53.916872999999995,27.563659],[53.916895999999994,27.563458],[53.91701499999999,27.5624],[53.91720599999999,27.560652],[53.917221999999995,27.5605],[53.917227,27.560446000000002],[53.917345,27.559333000000002],[53.917494999999995,27.557976000000004],[53.917584,27.557322000000003],[53.917629,27.556915000000004],[53.917652,27.556721000000003],[53.917683999999994,27.556432000000004],[53.91779999999999,27.555311000000003],[53.91781799999999,27.555122000000004],[53.91784299999999,27.554769000000004],[53.917880999999994,27.554005000000004],[53.91788799999999,27.553866000000003],[53.91789699999999,27.553627000000002],[53.91789699999999,27.553531000000003],[53.91789899999999,27.553035000000005],[53.91789999999999,27.552853000000006],[53.917903999999986,27.552393000000006],[53.917903999999986,27.552340000000004],[53.91787699999998,27.551589000000003],[53.91782899999998,27.550812000000004],[53.917796999999986,27.550360000000005],[53.91775399999999,27.549831000000005],[53.91774299999999,27.549715000000006],[53.91768299999999,27.549013000000006],[53.91767799999999,27.548958000000006],[53.91765299999999,27.548687000000005],[53.917532999999985,27.547391000000005],[53.917526999999986,27.547319000000005],[53.91748999999999,27.546916000000007],[53.91744199999999,27.546473000000006],[53.917414999999984,27.546260000000007],[53.91738799999998,27.546059000000007],[53.91736299999998,27.545909000000005],[53.91731399999998,27.545677000000005],[53.917242999999985,27.545377000000006],[53.91717399999998,27.545111000000006],[53.91716199999998,27.545072000000005],[53.917099999999984,27.544862000000006],[53.91703299999998,27.544655000000006],[53.917014999999985,27.544604000000007],[53.91692299999998,27.544363000000008],[53.916724999999985,27.543899000000007],[53.91634999999999,27.543136000000008],[53.91596099999999,27.542341000000008],[53.91529699999999,27.541013000000007],[53.91468899999999,27.53981200000001],[53.91463899999999,27.539700000000007],[53.91462499999999,27.53966700000001],[53.91450299999999,27.53939200000001],[53.91450299999999,27.53939200000001],[53.91465299999999,27.53895200000001],[53.914659999999984,27.538930000000008],[53.91488099999999,27.538284000000008],[53.915052999999986,27.537854000000006],[53.91520999999999,27.537490000000005],[53.91537499999999,27.537133000000004],[53.91557599999999,27.536709000000005],[53.915753999999986,27.536369000000004],[53.91593499999998,27.536033000000003],[53.916082999999986,27.535787000000003],[53.91632999999999,27.535403000000002],[53.91663899999999,27.534972000000003],[53.91665799999999,27.534944000000003],[53.91709999999999,27.534366000000002],[53.91752499999999,27.533806000000002],[53.91837299999999,27.532689],[53.91904599999999,27.531808],[53.919448999999986,27.531280000000002],[53.920203999999984,27.530281000000002],[53.92028699999998,27.530171000000003],[53.920431999999984,27.529981000000003],[53.92067299999999,27.529666000000002],[53.92134399999998,27.528794],[53.92237999999998,27.527439],[53.923008999999986,27.526594],[53.923237999999984,27.526265],[53.92348599999998,27.525889],[53.92368299999998,27.525567],[53.92391199999998,27.52517],[53.92467299999998,27.523668],[53.92477599999998,27.523464],[53.92483099999998,27.523353],[53.92485399999998,27.52331],[53.92508799999998,27.52285],[53.92538299999998,27.52226],[53.92591199999998,27.521181],[53.926099999999984,27.520787],[53.92707499999998,27.518853999999997],[53.92757599999998,27.517856999999996],[53.92778999999998,27.517419999999994],[53.92785999999998,27.517278999999995],[53.92851799999998,27.516001999999993],[53.929096999999985,27.514869999999995],[53.929177999999986,27.514710999999995],[53.929315999999986,27.514436999999994],[53.929383999999985,27.514294999999994],[53.92962199999999,27.513803999999993],[53.92976199999999,27.513515999999992],[53.93026499999999,27.512521999999993],[53.930685999999994,27.511641999999995],[53.930879999999995,27.511231999999996],[53.931079,27.510801999999995],[53.931264999999996,27.510363999999996],[53.931309999999996,27.510256999999996],[53.931518999999994,27.509709999999995],[53.931760999999995,27.509047999999996],[53.93187399999999,27.508725999999996],[53.93198699999999,27.508405999999997],[53.93209699999999,27.508090999999997],[53.93259599999999,27.506635999999997],[53.93330799999999,27.504592999999996],[53.93401899999999,27.502549999999996],[53.93411599999999,27.502260999999997],[53.93428199999999,27.501765],[53.93509599999999,27.499435],[53.935757999999986,27.497512999999998],[53.935856999999984,27.497220999999996],[53.93599099999999,27.496867999999996],[53.93617599999999,27.496309999999994],[53.93634799999999,27.495700999999993],[53.936511999999986,27.495099999999994],[53.93670799999999,27.494305999999995],[53.93671599999999,27.494273999999994],[53.93678899999999,27.493958999999993],[53.93683899999999,27.49372599999999],[53.93684499999999,27.493692999999993],[53.93690499999999,27.493403999999995],[53.93700099999999,27.492838999999993],[53.93709099999999,27.492264999999993],[53.93713099999999,27.491974999999993],[53.937167999999986,27.491701999999993],[53.937252999999984,27.490966999999994],[53.937260999999985,27.490879999999994],[53.93729099999999,27.490579999999994],[53.93732699999999,27.490191999999993],[53.93737499999999,27.489601999999994],[53.93740599999999,27.489032999999996],[53.937426999999985,27.488287999999997],[53.93743399999998,27.487916],[53.93747599999998,27.485736999999997],[53.937516999999986,27.483558999999996],[53.93753899999999,27.482740999999997],[53.937572999999986,27.482024999999997],[53.93761199999999,27.481440999999997],[53.937620999999986,27.481304999999995],[53.93767399999999,27.480616999999995],[53.93774299999999,27.479986999999994],[53.93776499999999,27.479806999999994],[53.93776499999999,27.479806999999994],[53.93760699999999,27.479691999999993],[53.937419999999996,27.479550999999994],[53.937402,27.479537999999994],[53.937142,27.479342999999993],[53.936832,27.479117999999993],[53.936667,27.478992999999992],[53.936518,27.47889199999999],[53.936411,27.47882199999999],[53.936274,27.47875199999999],[53.936074,27.47867999999999],[53.935829999999996,27.47862299999999],[53.935542,27.478583999999987],[53.935331999999995,27.478559999999987],[53.934931999999996,27.47852299999999],[53.934557999999996,27.47848999999999],[53.93436199999999,27.47845999999999],[53.934208999999996,27.478433999999993],[53.934183999999995,27.478429999999992],[53.93403899999999,27.478403999999994],[53.93400499999999,27.478397999999995],[53.933803999999995,27.478361999999994],[53.933778999999994,27.478356999999992],[53.93356899999999,27.47831499999999],[53.93322899999999,27.47823899999999],[53.93275399999999,27.478129999999993],[53.93222999999999,27.477989999999995],[53.93203199999999,27.477937999999995],[53.931563999999995,27.477813999999995],[53.931236999999996,27.477721999999996],[53.93090599999999,27.477631999999996],[53.930634999999995,27.477558999999996],[53.930513999999995,27.477527999999996],[53.930513999999995,27.477527999999996],[53.930724999999995,27.475854999999996],[53.930899999999994,27.474632999999997],[53.930955,27.474175],[53.931008999999996,27.473744999999997],[53.931098,27.472862999999997],[53.93132,27.470562999999995],[53.931542,27.468263999999994],[53.931542,27.468263999999994],[53.931925,27.467304999999993],[53.932713,27.465280999999994],[53.933454,27.463457999999992],[53.934194,27.461633999999993],[53.93429,27.46139399999999],[53.934400999999994,27.461124999999992],[53.93491699999999,27.45985599999999],[53.93491699999999,27.45985599999999],[53.935019999999994,27.459974999999993],[53.93504299999999,27.460002999999993],[53.935148999999996,27.460128999999995],[53.935303,27.460313999999993],[53.935303,27.460313999999993],[53.935167,27.460638999999993],[53.935076,27.460854999999995],[53.935064000000004,27.460883999999997],[53.935064000000004,27.460883999999997],[53.935023,27.460982999999995]]',
        'улица Мележа, 1 - Камайская улица, 8',
        '[[53.9397,27.601466],[53.94030000000001,27.599425999999998],[53.940436000000005,27.599538],[53.94116700000001,27.596814],[53.91609799999999,27.571595],[53.91450299999999,27.53939200000001],[53.93776499999999,27.479806999999994],[53.930513999999995,27.477527999999996],[53.931542,27.468263999999994],[53.93491699999999,27.45985599999999],[53.935303,27.460313999999993],[53.935064000000004,27.460883999999997]]',
        false),
       ('2019-08-07 18:00:16', '2019-08-07 18:23:06', '2', '3', '	[53.943393,27.686113]',
        '[53.843634,27.481486]',
        '[[53.94348,27.686413],[53.943343,27.686528000000003],[53.94332,27.686572],[53.943323,27.68663],[53.943336,27.686675],[53.943336,27.686675],[53.94301,27.686968],[53.942727,27.687223],[53.942682999999995,27.68725],[53.942646999999994,27.687247],[53.942620999999995,27.687191],[53.942493,27.686787],[53.942437,27.686608],[53.942327999999996,27.686267],[53.942296,27.686168000000002],[53.942245,27.686012],[53.942189,27.685840000000002],[53.942139,27.685683],[53.942108999999995,27.685589],[53.94207599999999,27.68549],[53.94207599999999,27.68549],[53.942187999999994,27.685382],[53.942201,27.68537],[53.942854999999994,27.684749999999998],[53.942921999999996,27.684687999999998],[53.94351699999999,27.68414],[53.94352899999999,27.684127999999998],[53.94370299999999,27.683953],[53.94390899999999,27.683757999999997],[53.94398899999999,27.683678999999998],[53.94408899999999,27.683586],[53.944163999999994,27.683508999999997],[53.94440999999999,27.683286],[53.94440999999999,27.683286],[53.94435899999999,27.683111999999998],[53.94425499999999,27.682788999999996],[53.94401899999999,27.682073999999997],[53.94392299999999,27.681798999999998],[53.94380799999999,27.681524],[53.94370799999999,27.681326],[53.94360599999999,27.681143],[53.94341199999999,27.68084],[53.94330099999999,27.680671],[53.94330099999999,27.680671],[53.943099999999994,27.680410000000002],[53.942944,27.679913000000003],[53.942856,27.679628],[53.942676999999996,27.679057],[53.942263,27.677746],[53.941635999999995,27.675713],[53.940951999999996,27.673499999999997],[53.94084599999999,27.673157999999997],[53.94077599999999,27.672929999999997],[53.94065499999999,27.67253],[53.94034399999999,27.671549],[53.940029999999986,27.670555],[53.940029999999986,27.670555],[53.93997799999999,27.670169],[53.93997799999999,27.670039000000003],[53.939984999999986,27.669984000000003],[53.94000299999998,27.669895000000004],[53.940029999999986,27.669821000000002],[53.94006499999998,27.669755000000002],[53.94010699999998,27.669705],[53.94015499999998,27.669675],[53.940209999999986,27.669662000000002],[53.94026199999998,27.669667000000004],[53.940317999999984,27.669691000000004],[53.94036899999998,27.669731000000002],[53.94042299999998,27.669786000000002],[53.94046999999998,27.66985],[53.940511999999984,27.669921],[53.94148899999998,27.671751],[53.94153699999998,27.671869],[53.941566999999985,27.671986],[53.941572999999984,27.672059],[53.941572999999984,27.672114],[53.94156499999998,27.672183],[53.94154799999998,27.672249],[53.94152599999998,27.672315],[53.94149599999998,27.672377],[53.941457999999976,27.672445],[53.94123699999997,27.672745],[53.94088599999997,27.672884999999997],[53.94077599999997,27.672929999999997],[53.94064599999997,27.672983],[53.94056199999997,27.673019999999998],[53.94039099999997,27.673091999999997],[53.93993899999997,27.673283999999995],[53.93839299999997,27.673929999999995],[53.93684599999997,27.674574999999994],[53.93529999999997,27.675220999999993],[53.93523799999997,27.675244999999993],[53.93416999999997,27.675689999999992],[53.932919999999974,27.676211999999992],[53.931318999999974,27.67686699999999],[53.93117399999997,27.67692999999999],[53.93038299999997,27.67726399999999],[53.92939599999997,27.67766899999999],[53.92840899999997,27.67807399999999],[53.92672299999997,27.678772999999993],[53.92549799999997,27.679278999999994],[53.92446699999997,27.679707999999994],[53.92411899999997,27.679862999999994],[53.923472999999966,27.680137999999992],[53.92238599999997,27.680598999999994],[53.92211899999997,27.680704999999993],[53.92198299999997,27.680760999999993],[53.921595999999965,27.680917999999995],[53.92140699999997,27.680992999999994],[53.92099499999997,27.681174999999993],[53.91942499999997,27.681820999999992],[53.917855999999965,27.682467999999993],[53.916285999999964,27.683113999999993],[53.91603999999997,27.683213999999992],[53.915823999999965,27.68330299999999],[53.91570699999996,27.68334999999999],[53.914579999999965,27.68380699999999],[53.913574999999966,27.68421799999999],[53.912286999999964,27.684744999999992],[53.91099899999996,27.685271999999994],[53.90971099999996,27.685798999999996],[53.90952999999996,27.685871999999996],[53.909373999999964,27.685936999999996],[53.90919799999996,27.686010999999997],[53.90901899999996,27.686086999999997],[53.90783899999996,27.686577999999997],[53.90665999999996,27.68707],[53.90503299999996,27.687739999999998],[53.90340699999996,27.688408999999996],[53.90177999999996,27.689078999999996],[53.90015399999996,27.689748999999996],[53.89843699999996,27.690447999999996],[53.89776299999996,27.690724999999997],[53.89670999999996,27.691162999999996],[53.89584699999996,27.691513999999994],[53.89454199999996,27.692015999999995],[53.89368999999996,27.692312999999995],[53.89282599999996,27.692651999999995],[53.89172999999996,27.693094999999996],[53.89068099999996,27.693494999999995],[53.889662999999956,27.693938999999997],[53.88959399999995,27.693967999999998],[53.888340999999954,27.69448],[53.887802999999955,27.694699999999997],[53.88674399999996,27.695140999999996],[53.885866999999955,27.695495999999995],[53.88498799999996,27.695850999999994],[53.884403999999954,27.696071999999994],[53.88392299999995,27.696221999999995],[53.88344199999995,27.696347999999997],[53.882770999999956,27.696489999999997],[53.882247999999954,27.696559999999998],[53.88205299999996,27.696572999999997],[53.881383999999954,27.696619],[53.88069299999995,27.696634999999997],[53.880125999999954,27.696607999999998],[53.87966499999995,27.696557],[53.87955899999995,27.696543],[53.879188999999954,27.696489999999997],[53.878670999999954,27.696388999999996],[53.87813499999996,27.696262999999995],[53.87757199999996,27.696085999999994],[53.87700599999996,27.695878999999994],[53.87636099999996,27.695614999999993],[53.87584499999996,27.695376999999993],[53.87527499999996,27.695067999999992],[53.87490399999996,27.694850999999993],[53.87449499999996,27.694571999999994],[53.87379399999996,27.694048999999993],[53.87285199999996,27.693337999999994],[53.87180699999996,27.692546999999994],[53.87099499999996,27.691948999999994],[53.870756999999955,27.691768999999994],[53.869402999999956,27.690744999999993],[53.86912299999996,27.690533999999992],[53.86898599999996,27.690430999999993],[53.868890999999955,27.690359999999995],[53.86877999999996,27.690277999999996],[53.86852999999996,27.690090999999995],[53.868231999999956,27.689860999999997],[53.86710799999996,27.689005999999996],[53.86671299999996,27.688671999999997],[53.866480999999965,27.688474999999997],[53.86606299999996,27.688088999999998],[53.86548299999996,27.68751],[53.86495699999996,27.686941],[53.86445799999996,27.686368],[53.863964999999965,27.685841],[53.86342799999996,27.685295],[53.86309599999996,27.684971],[53.86288899999996,27.684768000000002],[53.86235499999996,27.684257000000002],[53.86227799999996,27.68418],[53.86159399999996,27.683516],[53.86059199999996,27.682502],[53.86016499999996,27.682076],[53.86000599999996,27.681911],[53.85994699999996,27.681852],[53.85988599999996,27.68179],[53.85981499999996,27.681719],[53.85967799999996,27.681581],[53.85958799999996,27.681492000000002],[53.85952699999996,27.681431000000003],[53.85928799999996,27.681191000000002],[53.85912899999996,27.681038],[53.85849699999996,27.680431000000002],[53.857726999999954,27.67967],[53.85735999999996,27.679299],[53.857214999999954,27.679151],[53.85675199999995,27.678682000000002],[53.85666199999995,27.678592000000002],[53.85659099999995,27.678519],[53.85553699999995,27.677503],[53.85531499999995,27.677291],[53.85432899999995,27.676351],[53.85341599999995,27.675461000000002],[53.852635999999954,27.674686],[53.85178699999995,27.673865000000003],[53.85053999999995,27.672652000000003],[53.84964199999995,27.671765000000004],[53.849103999999954,27.671245000000003],[53.848821999999956,27.670976000000003],[53.848785999999954,27.670939000000004],[53.848765999999955,27.670919000000005],[53.84868599999996,27.670839000000004],[53.847946999999955,27.670092000000004],[53.847729999999956,27.669876000000002],[53.847417999999955,27.669581],[53.84675499999995,27.668964000000003],[53.84609099999995,27.668322000000003],[53.846038999999955,27.668272],[53.84546099999996,27.667711],[53.84537599999996,27.667626000000002],[53.84525299999996,27.667505000000002],[53.84509999999996,27.667354000000003],[53.84450299999996,27.666766000000003],[53.84402199999996,27.666294000000004],[53.84347599999996,27.665754000000003],[53.84325699999996,27.665542000000002],[53.84286899999996,27.665167000000004],[53.84264899999996,27.664953000000004],[53.84238599999996,27.664683000000004],[53.84201499999996,27.664298000000002],[53.84161099999996,27.663859000000002],[53.84126699999996,27.663469000000003],[53.84093599999996,27.663072000000003],[53.84065699999996,27.662694000000002],[53.84025399999996,27.662141000000002],[53.83999599999996,27.661784],[53.83967199999996,27.661308000000002],[53.83935399999996,27.660806],[53.83898999999996,27.660213000000002],[53.83865499999996,27.659628],[53.83819199999996,27.658776000000003],[53.83786199999996,27.658137000000004],[53.83747699999996,27.657338000000003],[53.83712399999996,27.656542],[53.83697199999996,27.656174],[53.83695799999996,27.656141],[53.83681899999996,27.655804000000003],[53.83654899999996,27.655109000000003],[53.83622299999996,27.654202],[53.83589699999996,27.653245000000002],[53.83563499999996,27.652394],[53.83521399999996,27.650909000000002],[53.83498799999996,27.649967000000004],[53.83476299999996,27.649004000000005],[53.83460499999996,27.648245000000006],[53.83438999999996,27.647043000000007],[53.834287999999965,27.646410000000007],[53.83413999999996,27.645393000000006],[53.834099999999964,27.645062000000006],[53.83400599999997,27.644315000000006],[53.83395099999996,27.643766000000006],[53.83392099999996,27.643463000000008],[53.83384199999996,27.642518000000006],[53.83377299999996,27.641502000000006],[53.83373299999996,27.640622000000008],[53.83370399999996,27.63963500000001],[53.833685999999965,27.63761800000001],[53.833682999999965,27.63688200000001],[53.833674999999964,27.63517000000001],[53.833662999999966,27.63406400000001],[53.833648999999966,27.63203600000001],[53.83364299999997,27.63148000000001],[53.833623999999965,27.62950600000001],[53.833612999999964,27.62760300000001],[53.833589999999965,27.62489600000001],[53.83358099999997,27.62351100000001],[53.833564999999965,27.622289000000013],[53.83355499999996,27.620067000000013],[53.83354699999996,27.618899000000013],[53.83352999999996,27.617196000000014],[53.83351199999996,27.615492000000014],[53.83349899999996,27.613561000000015],[53.83348399999996,27.611630000000016],[53.83346499999996,27.609671000000017],[53.83344599999996,27.607712000000017],[53.83344299999996,27.607224000000016],[53.83342499999996,27.604843000000017],[53.833417999999966,27.604493000000016],[53.833398999999964,27.602719000000015],[53.83337499999996,27.600691000000015],[53.83335799999996,27.598386000000016],[53.83334099999996,27.596082000000017],[53.83332399999996,27.59429000000002],[53.83330999999996,27.59225900000002],[53.83328799999996,27.59007100000002],[53.83328599999996,27.58957300000002],[53.83327099999996,27.58789500000002],[53.83325599999996,27.586217000000023],[53.83324199999996,27.584338000000024],[53.83322799999996,27.582459000000025],[53.833201999999964,27.580322000000024],[53.833175999999966,27.578185000000023],[53.83316599999996,27.577566000000022],[53.83315799999996,27.57575100000002],[53.83315599999996,27.575544000000022],[53.83315399999996,27.575403000000023],[53.83315099999996,27.575098000000022],[53.833148999999956,27.57493100000002],[53.833146999999954,27.57472100000002],[53.833143999999955,27.574431000000022],[53.833129999999954,27.572877000000023],[53.83311699999995,27.571322000000023],[53.83311699999995,27.571016000000025],[53.83311799999995,27.568858000000024],[53.83310299999995,27.566770000000023],[53.83309099999995,27.565069000000022],[53.833086999999956,27.564386000000024],[53.83307199999996,27.563230000000022],[53.83306799999996,27.562712000000023],[53.83306799999996,27.562630000000024],[53.833052999999964,27.560971000000023],[53.833038999999964,27.559312000000023],[53.833023999999966,27.557450000000024],[53.833038999999964,27.556584000000026],[53.833066999999964,27.555682000000026],[53.83308799999996,27.555192000000027],[53.83310699999996,27.554770000000026],[53.83315299999996,27.554069000000027],[53.83323699999996,27.553039000000027],[53.83333299999996,27.552112000000026],[53.83353199999996,27.550312000000027],[53.83372599999996,27.548585000000028],[53.83392099999996,27.546857000000028],[53.834237999999964,27.544088000000027],[53.834501999999965,27.541769000000027],[53.83479099999997,27.53932700000003],[53.83489199999997,27.538386000000028],[53.83509499999997,27.536556000000026],[53.83534999999997,27.534318000000027],[53.83540499999997,27.533844000000027],[53.83542599999997,27.533643000000026],[53.83545199999997,27.533402000000027],[53.83547599999997,27.533187000000027],[53.835499999999975,27.532960000000028],[53.83552399999998,27.532744000000026],[53.83555699999998,27.532439000000025],[53.83584299999998,27.529876000000026],[53.83592799999998,27.529172000000028],[53.835988999999984,27.528608000000027],[53.83623799999998,27.52646000000003],[53.83644799999998,27.52456600000003],[53.83665699999998,27.52267200000003],[53.83690599999998,27.520397000000028],[53.83715599999998,27.51812100000003],[53.83740599999998,27.51584600000003],[53.83747499999998,27.515189000000028],[53.83753499999998,27.51461300000003],[53.83759399999998,27.51408200000003],[53.83774899999998,27.51259000000003],[53.83793699999998,27.51087200000003],[53.838124999999984,27.50915300000003],[53.83819299999998,27.50852600000003],[53.83834299999998,27.507115000000027],[53.83847699999998,27.505850000000027],[53.838791999999984,27.50295500000003],[53.838822999999984,27.50265900000003],[53.83884299999998,27.50248300000003],[53.838875999999985,27.50218000000003],[53.839078999999984,27.50024100000003],[53.83917799999998,27.499326000000032],[53.83925799999998,27.498566000000032],[53.83935899999998,27.49762100000003],[53.83963399999998,27.495065000000032],[53.83965499999998,27.494873000000034],[53.83988399999998,27.492752000000035],[53.840112999999974,27.490630000000035],[53.84038199999998,27.488158000000034],[53.84058099999998,27.486276000000036],[53.840778999999976,27.484394000000037],[53.840824999999974,27.483982000000037],[53.840728999999975,27.482958000000036],[53.84074799999998,27.482784000000034],[53.840773999999975,27.482520000000033],[53.84085099999997,27.481836000000033],[53.840883999999974,27.48155100000003],[53.84091599999997,27.481328000000033],[53.84118599999997,27.480714000000035],[53.84132199999997,27.479561000000036],[53.84132199999997,27.479561000000036],[53.84142099999997,27.479449000000034],[53.84146499999997,27.479420000000033],[53.84152799999997,27.479396000000033],[53.84165999999997,27.47942200000003],[53.84177599999997,27.47958800000003],[53.841838999999965,27.47970100000003],[53.841883999999965,27.479806000000032],[53.841914999999965,27.479977000000034],[53.84192399999996,27.480160000000033],[53.84189299999996,27.480624000000034],[53.84182899999996,27.481206000000036],[53.84179499999996,27.481461000000035],[53.84179499999996,27.481461000000035],[53.84194499999996,27.481475000000035],[53.84223999999996,27.481496000000035],[53.84238599999996,27.481506000000035],[53.84252199999996,27.481552000000036],[53.84260399999996,27.481577000000037],[53.84266099999996,27.481584000000037],[53.84287099999996,27.481580000000037],[53.84287099999996,27.481580000000037],[53.84283099999996,27.481418000000037],[53.84274899999996,27.48104300000004],[53.84273499999996,27.48090100000004],[53.84272699999996,27.48084300000004],[53.84270699999996,27.48060100000004],[53.84271199999996,27.48039100000004],[53.84271599999996,27.48034800000004],[53.84273199999996,27.48015900000004],[53.84276099999996,27.47988400000004],[53.84281299999996,27.47939500000004],[53.84281299999996,27.47939500000004],[53.842937999999954,27.47944500000004],[53.843066999999955,27.47949600000004],[53.843114999999955,27.47951700000004],[53.843153999999956,27.47953500000004],[53.84353899999996,27.47970400000004],[53.84353899999996,27.47970400000004],[53.84347399999996,27.48016700000004],[53.84344299999996,27.480386000000042],[53.84340699999996,27.48064100000004],[53.843398999999955,27.48069600000004],[53.84339999999995,27.48073300000004],[53.84340299999995,27.48076100000004],[53.84353799999995,27.481167000000042],[53.843550999999955,27.481189000000043],[53.84357299999996,27.481205000000042],[53.843654999999956,27.481237000000043]]',
        '	улица Руссиянова, 4 - улица Наполеона Орды, 23',
        '[[53.94348,27.686413],[53.943336,27.686675],[53.94207599999999,27.68549],[53.94440999999999,27.683286],[53.94330099999999,27.680671],[53.940029999999986,27.670555],[53.84132199999997,27.479561000000036],[53.84179499999996,27.481461000000035],[53.84287099999996,27.481580000000037],[53.84281299999996,27.47939500000004],[53.84353899999996,27.47970400000004]]',
        false),
       ('	2019-08-06 00:00:38', '2019-08-07 00:15:47', '4', '5', '[53.916525,27.558633]',
        '[53.917039,27.454267]',
        '[[53.916743,27.558848],[53.916672,27.559371000000002],[53.916544,27.559699000000002],[53.916512000000004,27.559810000000002],[53.916512000000004,27.559810000000002],[53.916462,27.559980000000003],[53.916444000000006,27.560014000000002],[53.91641800000001,27.560027],[53.91637800000001,27.560012],[53.91635300000001,27.559997],[53.91635300000001,27.559997],[53.91630800000001,27.559971],[53.916264000000005,27.559949],[53.91621500000001,27.559927],[53.91610400000001,27.559897999999997],[53.91604300000001,27.559875999999996],[53.91557500000001,27.559589999999996],[53.91550600000001,27.559547999999996],[53.91550600000001,27.559547999999996],[53.915524000000005,27.559383999999994],[53.915532000000006,27.559308999999995],[53.91561800000001,27.558171999999995],[53.915625000000006,27.558075999999996],[53.91573400000001,27.556635999999997],[53.915760000000006,27.556319],[53.91576800000001,27.556223],[53.91576800000001,27.556223],[53.91582900000001,27.556238999999998],[53.91648200000001,27.55641],[53.91709600000001,27.556543],[53.91719700000001,27.556547000000002],[53.91731600000001,27.55657],[53.91752400000001,27.556619],[53.917652000000004,27.556721],[53.917652000000004,27.556721],[53.917684,27.556432],[53.9178,27.555311],[53.917818,27.555122],[53.917843,27.554769],[53.917881,27.554005],[53.917881,27.554005],[53.917955,27.55353],[53.917968,27.553435999999998],[53.917985,27.553338999999998],[53.918001000000004,27.553281],[53.918019,27.553224999999998],[53.918041,27.553171999999996],[53.918066,27.553121999999995],[53.918093000000006,27.553075999999994],[53.91822200000001,27.552866999999992],[53.91823500000001,27.552856999999992],[53.91829700000001,27.552805999999993],[53.91863000000001,27.552494999999993],[53.919042000000005,27.552109999999992],[53.91928600000001,27.551882999999993],[53.91971600000001,27.551464999999993],[53.919827000000005,27.55134599999999],[53.92043700000001,27.550721999999993],[53.92078600000001,27.550349999999995],[53.920851000000006,27.550281999999996],[53.920962,27.550154999999997],[53.92107,27.550040999999997],[53.921803,27.549296999999996],[53.922641,27.548439999999996],[53.922834,27.548242999999996],[53.923435000000005,27.547631999999997],[53.92363400000001,27.547432999999998],[53.924127000000006,27.546919999999997],[53.924251000000005,27.546793999999995],[53.92434000000001,27.546668999999994],[53.92437300000001,27.546586999999995],[53.92461800000001,27.546328999999997],[53.92476500000001,27.546177999999998],[53.924924000000004,27.546035999999997],[53.925526000000005,27.545572999999997],[53.925934000000005,27.545306999999998],[53.926080000000006,27.545222999999996],[53.926080000000006,27.545222999999996],[53.92610400000001,27.545039999999997],[53.92612800000001,27.544776999999996],[53.92615300000001,27.544639999999998],[53.926180000000016,27.544566999999997],[53.92620200000002,27.54452],[53.926242000000016,27.544466999999997],[53.926465000000015,27.544252999999998],[53.926625000000016,27.544100999999998],[53.92697000000002,27.543753],[53.92708300000002,27.543644999999998],[53.92737200000002,27.543371999999998],[53.927742000000016,27.543024999999997],[53.92840200000002,27.542352999999995],[53.92887200000002,27.541877999999993],[53.92936100000002,27.541383999999994],[53.92987000000002,27.540871999999993],[53.930333000000026,27.540407999999992],[53.930755000000026,27.539968999999992],[53.93077400000003,27.53994999999999],[53.93086400000003,27.53985899999999],[53.93096400000003,27.53974499999999],[53.93096400000003,27.53974499999999],[53.93058900000003,27.53767099999999],[53.930580000000035,27.53762599999999],[53.93010800000003,27.534997999999987],[53.93007000000003,27.53479899999999],[53.93003400000003,27.53453599999999],[53.929993000000024,27.53418699999999],[53.92996300000002,27.53387699999999],[53.92994400000002,27.53356499999999],[53.92992800000002,27.53313299999999],[53.92992400000002,27.532968999999987],[53.92991100000002,27.532533999999988],[53.929870000000015,27.531123999999988],[53.92983500000002,27.530047999999987],[53.929833000000016,27.529989999999987],[53.92979900000002,27.529072999999986],[53.92979800000002,27.529055999999986],[53.92979600000002,27.528996999999986],[53.929715000000016,27.526668999999988],[53.92970300000002,27.526329999999987],[53.929670000000016,27.525372999999988],[53.92957400000002,27.522678999999986],[53.92951100000002,27.520921999999985],[53.92950600000002,27.520759999999985],[53.929504000000016,27.520704999999985],[53.92946900000002,27.519352999999985],[53.92940600000002,27.517408999999983],[53.92934400000002,27.51546499999998],[53.92934200000002,27.51533399999998],[53.92932400000002,27.51466199999998],[53.92931600000002,27.51443699999998],[53.92930000000002,27.51401999999998],[53.92929500000002,27.51380099999998],[53.929287000000016,27.51354499999998],[53.929262000000016,27.51313699999998],[53.929217000000016,27.512616999999977],[53.929175000000015,27.512233999999978],[53.929119000000014,27.51179899999998],[53.929045000000016,27.51133699999998],[53.92897300000001,27.51094399999998],[53.92886200000002,27.51040799999998],[53.928725000000014,27.50989499999998],[53.92857700000001,27.509437999999978],[53.92841700000001,27.50898999999998],[53.92828700000001,27.50866799999998],[53.928159000000015,27.508372999999978],[53.92802800000001,27.50810099999998],[53.927855000000015,27.50778299999998],[53.92771500000001,27.50753799999998],[53.92755800000001,27.50728899999998],[53.92746500000001,27.507145999999977],[53.927256000000014,27.506860999999976],[53.92708200000001,27.506628999999975],[53.92692800000001,27.506454999999974],[53.92686100000001,27.506382999999975],[53.92677300000001,27.506286999999976],[53.92632200000001,27.505735999999974],[53.92573400000001,27.505027999999974],[53.925145000000015,27.504348999999973],[53.924759000000016,27.503906999999973],[53.92460100000002,27.503719999999973],[53.92377500000001,27.502744999999972],[53.92344400000001,27.502353999999972],[53.92258000000001,27.501317999999973],[53.92171500000001,27.50027999999997],[53.92124800000001,27.499709999999972],[53.921070000000014,27.499486999999974],[53.92075100000002,27.499088999999973],[53.920726000000016,27.499057999999973],[53.92058400000002,27.498880999999972],[53.92028600000002,27.498497999999973],[53.92023200000002,27.498422999999974],[53.92006600000002,27.498221999999974],[53.92004800000002,27.498200999999973],[53.919783000000024,27.497856999999975],[53.919456000000025,27.497462999999975],[53.918603000000026,27.496463999999975],[53.91835100000002,27.496190999999975],[53.91811300000002,27.495954999999974],[53.91797500000002,27.495825999999973],[53.917951000000016,27.49580399999997],[53.917862000000014,27.49572099999997],[53.917645000000014,27.49554399999997],[53.917352000000015,27.49534299999997],[53.91703200000001,27.49514299999997],[53.91678300000002,27.49501399999997],[53.916536000000015,27.49490599999997],[53.916502000000015,27.494894999999968],[53.916299000000016,27.494827999999966],[53.915998000000016,27.494726999999965],[53.91593800000002,27.494712999999965],[53.915908000000016,27.494705999999965],[53.915785000000014,27.494677999999965],[53.91575800000001,27.494673999999964],[53.91575800000001,27.494673999999964],[53.91573200000001,27.494220999999964],[53.91573000000001,27.494188999999963],[53.91568000000001,27.493340999999962],[53.915670000000006,27.49317499999996],[53.915623000000004,27.492234999999962],[53.915580000000006,27.491377999999962],[53.91556500000001,27.49106899999996],[53.91553000000001,27.49037199999996],[53.91548600000001,27.48949999999996],[53.915425000000006,27.48827499999996],[53.91540700000001,27.48789999999996],[53.91540500000001,27.487866999999962],[53.91539900000001,27.48774199999996],[53.915349000000006,27.486743999999963],[53.915335000000006,27.48645599999996],[53.915333000000004,27.486415999999963],[53.9153,27.485760999999965],[53.915261,27.484959999999965],[53.915198000000004,27.483704999999965],[53.915148,27.482594999999964],[53.915136000000004,27.482307999999964],[53.915035,27.480058999999965],[53.915034000000006,27.480036999999964],[53.91502200000001,27.479785999999965],[53.915003000000006,27.479423999999966],[53.915000000000006,27.479371999999966],[53.914886,27.477191999999967],[53.914772,27.475012999999965],[53.914729,27.474188999999964],[53.914696,27.473422999999965],[53.914684,27.473082999999964],[53.914684,27.472835999999962],[53.91469,27.472569999999962],[53.914694,27.472473999999963],[53.914694999999995,27.472441999999962],[53.914702999999996,27.472242999999963],[53.914705,27.472209999999965],[53.914733,27.471977999999964],[53.91475,27.471851999999963],[53.914753999999995,27.471823999999962],[53.915198999999994,27.46907899999996],[53.91525599999999,27.46872599999996],[53.91561999999999,27.466418999999963],[53.91608899999999,27.463523999999964],[53.916093999999994,27.463494999999963],[53.91615899999999,27.463100999999963],[53.916216999999996,27.462755999999963],[53.91622099999999,27.462735999999964],[53.91647999999999,27.461185999999962],[53.91673099999999,27.459626999999962],[53.91698099999999,27.45806799999996],[53.917230999999994,27.45647799999996],[53.91723499999999,27.45644899999996],[53.91730299999999,27.45602099999996],[53.91735799999999,27.45569899999996],[53.91736499999999,27.45565799999996],[53.91746799999999,27.45506399999996],[53.91755299999999,27.45455099999996],[53.91759899999999,27.454234999999958],[53.91763199999999,27.453957999999957],[53.91763599999999,27.453925999999957],[53.917670999999984,27.453630999999955],[53.917720999999986,27.453097999999954],[53.917757999999985,27.452630999999954],[53.917780999999984,27.452246999999954],[53.91780199999998,27.451772999999953],[53.91780399999998,27.451629999999952],[53.91780799999998,27.451308999999952],[53.91780799999998,27.450774999999954],[53.917797999999976,27.450000999999954],[53.917797999999976,27.449972999999954],[53.91779399999998,27.449765999999954],[53.917783999999976,27.449537999999954],[53.917783999999976,27.449537999999954],[53.917648999999976,27.449533999999954],[53.917657999999975,27.449984999999955],[53.917657999999975,27.450012999999956],[53.917660999999974,27.451093999999955],[53.91765299999997,27.451731999999954],[53.91763099999997,27.452295999999954],[53.91761499999997,27.452515999999953],[53.91761499999997,27.452515999999953],[53.91748899999997,27.452488999999954],[53.91747799999997,27.452486999999955],[53.917376999999966,27.452472999999955],[53.917376999999966,27.452472999999955],[53.91737099999997,27.452679999999955],[53.917281999999965,27.453835999999956],[53.91727999999996,27.453916999999958],[53.91729099999996,27.453988999999957]]',
        'проспект Машерова, 25 - улица Матусевича, 35',
        '[[53.916743,27.558848],[53.916512000000004,27.559810000000002],[53.91635300000001,27.559997],[53.91550600000001,27.559547999999996],[53.91576800000001,27.556223],[53.917652000000004,27.556721],[53.917881,27.554005],[53.926080000000006,27.545222999999996],[53.93096400000003,27.53974499999999],[53.91575800000001,27.494673999999964],[53.917783999999976,27.449537999999954],[53.91761499999997,27.452515999999953],[53.917376999999966,27.452472999999955]]',
        false),
       ('2019-08-08 17:00:00', '2019-08-08 17:25:20', '3', '2', '[53.934149,27.635232]',
        '[53.844165,27.505911]',
        '[[53.93407,27.635278],[53.934129999999996,27.635571],[53.934129999999996,27.635571],[53.93453099999999,27.635256],[53.93470299999999,27.635120999999998],[53.93478699999999,27.635057],[53.93478699999999,27.635057],[53.93425899999999,27.633644],[53.93415299999999,27.633361],[53.933995999999986,27.632912],[53.933897999999985,27.632608],[53.93371999999999,27.631948],[53.93366599999999,27.63175],[53.933624999999985,27.631595],[53.933041999999986,27.629383],[53.932670999999985,27.62797],[53.932299999999984,27.626556],[53.931862999999986,27.624895000000002],[53.93148399999998,27.623463],[53.93143099999998,27.623247],[53.93135899999998,27.622963],[53.93072299999998,27.620528],[53.93040199999998,27.619301],[53.93038699999998,27.619242],[53.93024399999998,27.618704],[53.93012299999998,27.618249000000002],[53.93003399999998,27.617915000000004],[53.92978299999998,27.616976000000005],[53.92973999999998,27.616814000000005],[53.92970199999998,27.616667000000007],[53.92970199999998,27.616667000000007],[53.92962599999998,27.616725000000006],[53.92938399999998,27.616910000000004],[53.92859499999998,27.617512000000005],[53.92853399999998,27.617559000000004],[53.92793999999998,27.618013000000005],[53.92775099999998,27.618157000000004],[53.92705299999998,27.618689000000003],[53.92650399999998,27.619107000000003],[53.92610599999998,27.619408000000004],[53.926028999999986,27.619468000000005],[53.92583299999998,27.619616000000004],[53.92583299999998,27.619616000000004],[53.925251999999986,27.617399000000002],[53.92467199999999,27.615182],[53.924531999999985,27.614639],[53.924402999999984,27.614148],[53.924320999999985,27.613834],[53.92394599999999,27.612368],[53.92391399999999,27.612248],[53.92361899999999,27.611103],[53.92319099999999,27.609441],[53.92315899999999,27.609309],[53.92314899999999,27.609258],[53.92311699999999,27.609083000000002],[53.92307099999999,27.608715],[53.922954999999995,27.607615],[53.92292199999999,27.607308],[53.92290299999999,27.60708],[53.92276599999999,27.605451],[53.922628999999986,27.603821999999997],[53.92254899999999,27.602862999999996],[53.92244599999999,27.601657999999997],[53.92242799999999,27.601412999999997],[53.92240699999999,27.601214999999996],[53.922369999999994,27.600965999999996],[53.92234499999999,27.600845999999997],[53.92221899999999,27.600271999999997],[53.92202699999999,27.599445999999997],[53.92172999999999,27.598180999999997],[53.92159199999999,27.597607999999997],[53.92153499999999,27.597383999999998],[53.921457999999994,27.597164],[53.921080999999994,27.596211999999998],[53.920936999999995,27.59585],[53.920196,27.593973],[53.919846,27.593086999999997],[53.919824,27.593030999999996],[53.919816,27.593011999999995],[53.919142,27.591315999999996],[53.918468000000004,27.589620999999994],[53.918414000000006,27.589483999999995],[53.918387,27.589414999999995],[53.917604000000004,27.587492999999995],[53.916821000000006,27.585568999999996],[53.916729000000004,27.585369999999998],[53.916715,27.585344999999997],[53.916631,27.585189999999997],[53.916517,27.585001],[53.916492999999996,27.584961999999997],[53.916416999999996,27.584842999999996],[53.916354,27.584746999999997],[53.915346,27.583193999999995],[53.914115,27.581299999999995],[53.914063000000006,27.581222999999994],[53.91401100000001,27.581147999999995],[53.91390000000001,27.581026999999995],[53.91388100000001,27.581006999999996],[53.91333900000001,27.580458999999998],[53.912971000000006,27.58009],[53.91201300000001,27.579130999999997],[53.91152100000001,27.578635],[53.910827000000005,27.577932999999998],[53.910680000000006,27.577766999999998],[53.91052700000001,27.577582999999997],[53.91046700000001,27.577509999999997],[53.910401000000014,27.577423999999997],[53.910026000000016,27.576902999999998],[53.90918600000002,27.575733],[53.90909200000002,27.57559],[53.90903400000002,27.575478999999998],[53.90900000000002,27.575377],[53.90894400000002,27.575188999999998],[53.90894400000002,27.575188999999998],[53.90895300000002,27.575118999999997],[53.90895200000002,27.575072],[53.90895100000002,27.575039999999998],[53.90894400000003,27.574953999999998],[53.908922000000025,27.574869999999997],[53.908885000000026,27.574762999999997],[53.90874000000002,27.574481],[53.908523000000024,27.574081999999997],[53.908492000000024,27.574045999999996],[53.90842500000002,27.574005999999997],[53.90838700000002,27.573992999999998],[53.90836700000002,27.573991999999997],[53.90836700000002,27.573991999999997],[53.90813400000002,27.573825999999997],[53.90805500000002,27.573748],[53.90797100000002,27.573618999999997],[53.90746900000002,27.572632],[53.907448000000024,27.572589999999998],[53.906868000000024,27.571422],[53.90676700000002,27.571225],[53.90649800000002,27.570697],[53.90648900000002,27.570679],[53.90639900000002,27.570503],[53.905396000000025,27.568527999999997],[53.90439300000003,27.566551999999998],[53.904374000000026,27.566515],[53.90431900000002,27.566402999999998],[53.904265000000024,27.566292999999998],[53.90417900000002,27.566122999999997],[53.90416900000002,27.566103],[53.903804000000015,27.565379999999998],[53.903438000000016,27.564650999999998],[53.903405000000014,27.564584999999997],[53.90270500000001,27.563195999999998],[53.902459000000015,27.562703],[53.90214500000001,27.562077],[53.90154900000001,27.560875],[53.90135300000001,27.560475999999998],[53.900693000000004,27.559146],[53.900633000000006,27.559012],[53.90057300000001,27.558892],[53.900529000000006,27.558801],[53.899953000000004,27.557648999999998],[53.899424,27.556572999999997],[53.899166,27.556046999999996],[53.899041000000004,27.555825999999996],[53.898783,27.555302999999995],[53.898067000000005,27.553853999999994],[53.897980000000004,27.553675999999996],[53.897936,27.553585999999996],[53.897214,27.552123999999996],[53.897067,27.551822999999995],[53.896972,27.551629999999996],[53.896482,27.550614999999997],[53.896309,27.550272999999997],[53.896249000000005,27.550152999999998],[53.89623,27.550116999999997],[53.896113,27.549883999999995],[53.895986,27.549653999999997],[53.895373,27.548567],[53.895264,27.548358999999998],[53.895182,27.548182999999998],[53.895157,27.548122],[53.895069,27.547891],[53.894728,27.546931999999998],[53.894619,27.546609999999998],[53.894569,27.546483],[53.894549999999995,27.546436999999997],[53.894408999999996,27.546096999999996],[53.89429499999999,27.545876999999997],[53.89404699999999,27.545488],[53.89297599999999,27.543871],[53.89290699999999,27.543767],[53.89285899999999,27.543694],[53.89277699999999,27.54357],[53.892732999999986,27.543505],[53.89254299999998,27.543218],[53.89233499999998,27.542901999999998],[53.89140299999998,27.541493999999997],[53.89133099999998,27.541385999999996],[53.89123999999998,27.541252999999994],[53.89117199999998,27.541148999999994],[53.89109599999998,27.541031999999994],[53.890939999999986,27.540800999999995],[53.890666999999986,27.540382999999995],[53.890425999999984,27.540033999999995],[53.89037299999998,27.539970999999994],[53.89009699999998,27.539727999999993],[53.88959999999998,27.539450999999993],[53.88898099999998,27.53910799999999],[53.88870699999998,27.538953999999993],[53.888106999999984,27.538616999999995],[53.887641999999985,27.538367999999995],[53.88759299999999,27.538341999999997],[53.88711499999999,27.538085999999996],[53.88702799999999,27.538039999999995],[53.886811999999985,27.537937999999997],[53.886364999999984,27.537746],[53.88627299999998,27.537705],[53.88523799999998,27.537284],[53.88481399999998,27.537131],[53.884673999999976,27.53707],[53.88452599999997,27.537014],[53.88435399999997,27.536949],[53.88366299999997,27.536687],[53.88353599999997,27.536639],[53.88344599999997,27.536605],[53.88287199999997,27.536387],[53.88226899999997,27.536142],[53.88202699999997,27.536042000000002],[53.88181699999997,27.535960000000003],[53.88145699999997,27.535820000000005],[53.88134199999997,27.535776000000006],[53.88033499999997,27.535375000000005],[53.879718999999966,27.535145000000007],[53.879167999999964,27.534931000000007],[53.87896599999996,27.534859000000008],[53.878705999999966,27.534516000000007],[53.87811999999997,27.53374300000001],[53.87786599999997,27.533411000000008],[53.87766799999997,27.53315300000001],[53.876917999999975,27.53217600000001],[53.87647699999997,27.53160100000001],[53.876422999999974,27.53153000000001],[53.876360999999974,27.53145000000001],[53.875470999999976,27.53029600000001],[53.87531499999998,27.53007600000001],[53.87531499999998,27.53007600000001],[53.87525199999998,27.52990300000001],[53.875230999999985,27.52982600000001],[53.87521599999999,27.52975300000001],[53.87520899999999,27.52968000000001],[53.87520299999999,27.52958800000001],[53.875201999999994,27.52949500000001],[53.875212,27.52938100000001],[53.875253,27.52881700000001],[53.875265,27.52855300000001],[53.875265,27.52843300000001],[53.875261,27.52831400000001],[53.875240000000005,27.52813400000001],[53.87520800000001,27.52798300000001],[53.87514500000001,27.52780400000001],[53.87506100000001,27.52762200000001],[53.87495600000001,27.527429000000012],[53.87483500000001,27.527244000000014],[53.874662000000015,27.527043000000013],[53.87436300000002,27.526725000000013],[53.87429400000001,27.526655000000012],[53.87416300000001,27.52652600000001],[53.87410100000001,27.52646300000001],[53.87378300000001,27.52617200000001],[53.87366500000001,27.52606400000001],[53.87319700000001,27.52562900000001],[53.872509000000015,27.52493500000001],[53.87164000000001,27.52402200000001],[53.870944000000016,27.52330600000001],[53.87074600000002,27.523094000000007],[53.870488000000016,27.522823000000006],[53.870286000000014,27.522630000000007],[53.87014900000001,27.522533000000006],[53.87004300000001,27.522491000000006],[53.86993100000001,27.522439000000006],[53.86982000000001,27.522427000000004],[53.86971700000001,27.522437000000004],[53.86958400000001,27.522470000000002],[53.86948600000001,27.522495000000003],[53.869417000000006,27.522520000000004],[53.869271000000005,27.522598000000002],[53.869156000000004,27.522689000000003],[53.868999,27.522834000000003],[53.868837,27.523037000000002],[53.868821,27.523062000000003],[53.868637,27.523341000000002],[53.868498,27.523606],[53.868498,27.523606],[53.868471,27.523613],[53.868407,27.523637],[53.868355,27.523676000000002],[53.868296,27.523750000000003],[53.868216000000004,27.523876000000005],[53.867865,27.524425000000004],[53.867844000000005,27.524457000000005],[53.867622000000004,27.524781000000004],[53.867429,27.525083000000006],[53.867376,27.525164000000007],[53.867336,27.525222000000007],[53.867279,27.525303000000008],[53.867235,27.52534200000001],[53.867188,27.52536400000001],[53.867148,27.525369000000012],[53.867103,27.52535700000001],[53.867066,27.52533400000001],[53.866529,27.52478700000001],[53.865963,27.52423300000001],[53.86582,27.52408700000001],[53.865052999999996,27.52330300000001],[53.865019,27.52326600000001],[53.864787,27.52301600000001],[53.864148,27.522327000000008],[53.863746,27.521895000000008],[53.863414999999996,27.521560000000008],[53.863349,27.521493000000007],[53.862829,27.520986000000008],[53.862497999999995,27.52066200000001],[53.862264999999994,27.52044200000001],[53.86203999999999,27.52022700000001],[53.861608999999994,27.519821000000007],[53.86103899999999,27.51926900000001],[53.860485999999995,27.518756000000007],[53.860423999999995,27.518696000000006],[53.860246,27.518525000000004],[53.859451,27.517749000000006],[53.859211,27.517510000000005],[53.858629,27.516930000000006],[53.858037,27.516353000000006],[53.857925,27.516244000000007],[53.857548,27.515891000000007],[53.856516,27.514924000000008],[53.856197,27.514623000000007],[53.855814,27.514262000000006],[53.855307,27.513789000000006],[53.854440000000004,27.512991000000007],[53.853874000000005,27.512455000000006],[53.85366200000001,27.512264000000005],[53.853398000000006,27.512034000000007],[53.85316400000001,27.511843000000006],[53.852810000000005,27.511561000000007],[53.852465,27.51129300000001],[53.852325,27.51119300000001],[53.852195,27.51110000000001],[53.851898,27.510891000000008],[53.851636,27.51071300000001],[53.851577999999996,27.51067300000001],[53.85126399999999,27.51047200000001],[53.850764999999996,27.510145000000012],[53.850494999999995,27.50996500000001],[53.850148,27.50973300000001],[53.850013,27.50964600000001],[53.849402,27.50925100000001],[53.848873999999995,27.50890700000001],[53.84873999999999,27.50882000000001],[53.848175999999995,27.508445000000012],[53.847342999999995,27.507903000000013],[53.847013999999994,27.507699000000013],[53.846940999999994,27.507654000000013],[53.84655899999999,27.507418000000012],[53.84603599999999,27.50706800000001],[53.84563599999999,27.506800000000013],[53.84497799999999,27.50636000000001],[53.84493599999999,27.50633100000001],[53.84491199999999,27.50631200000001],[53.844900999999986,27.506304000000007],[53.84486099999999,27.506249000000007],[53.844813999999985,27.50616400000001],[53.84465799999999,27.50578800000001],[53.84459399999999,27.505655000000008],[53.84459399999999,27.505655000000008],[53.844580999999984,27.50559700000001],[53.84456299999999,27.505541000000008],[53.84450099999999,27.505408000000006],[53.84446699999999,27.505349000000006],[53.84439399999999,27.505254000000004],[53.844349999999984,27.505208000000003],[53.844290999999984,27.505157000000004],[53.844264999999986,27.505141000000005],[53.84423299999999,27.505130000000005],[53.844202999999986,27.505125000000003],[53.84415399999999,27.505124000000002],[53.84410699999999,27.505137],[53.84406099999999,27.505156000000003],[53.84401899999999,27.505178000000004],[53.84394299999999,27.505242000000003],[53.84386699999999,27.505372],[53.84382999999999,27.505448],[53.84380199999999,27.505517],[53.84377699999999,27.505591000000003],[53.84374399999999,27.505733000000003],[53.84372399999999,27.505844000000003],[53.843710999999985,27.505967000000002],[53.84370999999999,27.506087],[53.84372599999999,27.506172],[53.84380799999999,27.506401999999998],[53.84392599999999,27.506522999999998],[53.84396399999999,27.506556999999997]]',
        'улица Кедышко, 28/1 - улица Корженевского',
        '[[53.93407,27.635278],[53.934129999999996,27.635571],[53.93478699999999,27.635057],[53.92970199999998,27.616667000000007],[53.92583299999998,27.619616000000004],[53.90894400000002,27.575188999999998],[53.90836700000002,27.573991999999997],[53.87531499999998,27.53007600000001],[53.868498,27.523606],[53.84459399999999,27.505655000000008]]',
        false),
       ('2019-08-07 22:50:00', '2019-08-07 20:03:00', '2', '7', '[53.89114,27.688391]',
        '[53.92766699999999,27.683066000000036]',
        '[[53.89114,27.688391],[53.891263,27.688406],[53.891284,27.688404000000002],[53.891304999999996,27.688393],[53.891318,27.688366000000002],[53.891326,27.688334],[53.891349,27.687910000000002],[53.891349,27.687874],[53.89134,27.687847],[53.891321,27.687824000000003],[53.891296,27.687810000000002],[53.891158999999995,27.687783000000003],[53.891023999999994,27.687756000000004],[53.891023999999994,27.687756000000004],[53.89103899999999,27.687561000000002],[53.89106199999999,27.687253000000002],[53.89110899999999,27.686631000000002],[53.89110699999999,27.686563000000003],[53.89110199999999,27.686511000000003],[53.89108599999999,27.686450000000004],[53.890782999999985,27.685787000000005],[53.89069199999999,27.685567000000006],[53.89069199999999,27.685567000000006],[53.89030899999999,27.686088000000005],[53.88979299999999,27.686792000000004],[53.88971599999999,27.686896000000004],[53.889329999999994,27.687408000000005],[53.889064999999995,27.687765000000006],[53.888946999999995,27.687922000000007],[53.888566,27.688429000000006],[53.888419999999996,27.688635000000005],[53.888282,27.688841000000004],[53.888282,27.688841000000004],[53.888366,27.689015000000005],[53.888708,27.689718000000006],[53.88894,27.690198000000006],[53.889013,27.690337000000007],[53.889089,27.690482000000006],[53.889187,27.690623000000006],[53.889269999999996,27.690718000000007],[53.889325,27.690796000000006],[53.889365,27.690890000000007],[53.889486999999995,27.691281000000007],[53.889616999999994,27.69168300000001],[53.88970799999999,27.691982000000007],[53.88973699999999,27.692094000000008],[53.88975999999999,27.69220900000001],[53.88978499999999,27.69236200000001],[53.88979699999999,27.69246300000001],[53.88982699999999,27.69295400000001],[53.889833999999986,27.693052000000012],[53.889833999999986,27.693052000000012],[53.88999899999999,27.69305100000001],[53.89008099999999,27.693059000000012],[53.89028099999999,27.693066000000012],[53.89032599999999,27.693077000000013],[53.89036999999999,27.693098000000013],[53.89047499999999,27.693195000000014],[53.89050599999999,27.693217000000015],[53.89053999999999,27.693226000000013],[53.89059899999999,27.693220000000014],[53.890683999999986,27.693198000000013],[53.890788999999984,27.693166000000012],[53.89097299999998,27.693098000000013],[53.89158099999998,27.692840000000015],[53.89267499999998,27.692392000000016],[53.89345799999998,27.692047000000017],[53.89426899999998,27.691673000000016],[53.89507299999998,27.691322000000017],[53.89591999999998,27.690934000000016],[53.89630399999998,27.690756000000018],[53.896884999999976,27.69049800000002],[53.897163999999975,27.69037500000002],[53.89742499999998,27.69026800000002],[53.89771199999998,27.69015700000002],[53.898038999999976,27.69003100000002],[53.89901499999998,27.68967800000002],[53.899333999999975,27.689553000000018],[53.89961099999997,27.689420000000016],[53.900000999999975,27.689210000000017],[53.90034199999997,27.688995000000016],[53.900537999999976,27.688882000000017],[53.90062399999998,27.68883500000002],[53.900717999999976,27.688789000000018],[53.900895999999975,27.68871100000002],[53.901047999999975,27.68865700000002],[53.901232999999976,27.68860200000002],[53.90174099999998,27.68850400000002],[53.90228299999998,27.68840800000002],[53.90246999999998,27.68835900000002],[53.90260399999998,27.68831800000002],[53.90280699999998,27.68823100000002],[53.90315699999998,27.68808600000002],[53.90368399999998,27.68786700000002],[53.90394799999998,27.68775800000002],[53.904857999999976,27.68741300000002],[53.90580499999997,27.687010000000022],[53.90708299999997,27.686465000000023],[53.90836199999997,27.685920000000024],[53.90915899999997,27.685573000000023],[53.90915899999997,27.685573000000023],[53.909246999999965,27.685630000000025],[53.909300999999964,27.685686000000025],[53.909347999999966,27.685760000000027],[53.909373999999964,27.685937000000028],[53.90940099999997,27.686133000000027],[53.90944199999997,27.686399000000026],[53.90944199999997,27.686399000000026],[53.90948199999997,27.686519000000025],[53.90949099999997,27.686542000000024],[53.90950999999997,27.686576000000024],[53.90952499999997,27.686594000000024],[53.909542999999964,27.686608000000025],[53.90958099999997,27.686629000000025],[53.90973299999997,27.686571000000026],[53.909848999999966,27.686507000000027],[53.91122399999997,27.685702000000028],[53.91204199999997,27.685198000000028],[53.91256499999997,27.684844000000027],[53.913590999999975,27.684422000000026],[53.914617999999976,27.684001000000027],[53.91573199999998,27.683550000000025],[53.91580499999998,27.683519000000025],[53.91623299999998,27.683340000000026],[53.91743699999998,27.682847000000027],[53.91864099999998,27.682355000000026],[53.91984699999998,27.681862000000027],[53.92102599999998,27.68143800000003],[53.92142399999998,27.681295000000027],[53.92161599999998,27.681219000000027],[53.92200399999998,27.681060000000027],[53.92213499999998,27.681008000000027],[53.92242899999998,27.680874000000028],[53.92349599999998,27.680382000000026],[53.92415399999998,27.680083000000028],[53.92481099999998,27.67978300000003],[53.92481099999998,27.67978300000003],[53.92496799999998,27.67986900000003],[53.925058999999976,27.67993800000003],[53.92513699999998,27.680027000000027],[53.92524999999998,27.680217000000027],[53.92536699999998,27.680441000000027],[53.92548999999998,27.680715000000028],[53.92559799999998,27.680978000000028],[53.92565599999998,27.68112700000003],[53.92568199999998,27.68118400000003],[53.925781999999984,27.68139100000003],[53.92594299999998,27.68163300000003],[53.926555999999984,27.68296100000003],[53.92658299999999,27.68302900000003],[53.92659399999999,27.68305600000003],[53.92664099999999,27.68317000000003],[53.92664099999999,27.68317000000003],[53.926765999999986,27.68303300000003],[53.92686999999999,27.68292200000003],[53.926917999999986,27.68289200000003],[53.926988999999985,27.68286700000003],[53.92712599999999,27.68284700000003],[53.92722699999999,27.68282700000003],[53.92759199999999,27.682756000000033],[53.92781499999999,27.682712000000034],[53.92781499999999,27.682712000000034],[53.92782499999999,27.682965000000035],[53.92781399999999,27.683020000000035],[53.92778499999999,27.683045000000035],[53.92766699999999,27.683066000000036]]',
        'Kyprevicha, 3 - Monaco',
        '[[53.935023,27.460983],[53.935064000000004,27.460884],[53.935076,27.460855],[53.935167,27.460638999999997],[53.935303,27.460313999999997]]',
        false);


INSERT INTO passenger_drive (passenger_id, drive_id, start_point, number_of_km, passenger_to_driver_mark,
                             driver_to_passenger_mark)
VALUES ('4', '1', '[53.927698,27.691483]', 4.6, 0, 0),
       ('2', '1', '[53.92714899999999,27.685196]', 4.6, 0, 0),
       ('1', '4', '[53.876450999999996,27.605567999999998]', 4.6, 0, 0),
       ('6', '2', '[53.940436000000005,27.599538]', 4.6, 0, 0),
       ('5', '3', '[53.942189,27.685840000000002]', 4.6, 0, 0),
       ('2', '5', '[53.92315899999999,27.609309]', 4.6, 0, 0),
       ('6', '3', '[53.943336,27.686675]', 4.6, 0, 0);

INSERT INTO messages (drive_id, message, time, user_id, is_notify)
VALUES ('1', 'hello', '2009-06-04 18:13:56', '1', false),
       ('1', 'hi', '2009-06-04 18:15:00', '4', false);
